"component","hash"
"raw_md5","76e4d605adee850980a7421f4b29218b"
"rows","75652012c459205183d08424ff8afa1c"
"y","e0ad6119742150d6177e0806fd6a2ec1"
"w","6fb47a00fb4329fadb36a956105e99f6"
"x","30ae498464e8d22f7a691f626f6206d6"
"proximate","feebc5edf043b403968bf9a75c2644f3"
"partisan","a8df394b953f303bd28008857b8e1d28"
"continuous","61c147d751c04695941ae7c89851b91f"
"condition","e04ab1b63d332547e14cfb589b7ce6e5"
"item_map","49e28c07fdb86f22ff5017557e0967c4"
"code","c0b573a28c8bc3a8e4d623f475983874"
"clean_text","521ac93567c8cc0e4aa06aa9ba5726f6"
"auc_weighted","fd7106f3e554011efec68d5473222c6a"
"split_train","ab1e2050a2977bddfbc768740b0d670a"
"preprocess","fa897007153b269f3be2a008d5094159"
"rf_predict","e3b1ba374beb4b07d9de66a77e34345b"
"metrics","fc0114fd616f2eedc9552a0232c61542"
"cal_bins","c1a799de2b73e209b8664d57146e0417"
"explain_aggregate","3b4c066d4b1b66877b2a7b9f4b75b8f4"
